Div,Date,Time,HomeTeam,AwayTeam,FTHG,FTAG,FTR,HS,AS,HST,AST,AvgH,AvgD,AvgA
SP2,14/08/2026,20:30,Sociedad B,Castellon,0,1,A,4,13,1,5,4.06,3.83,1.76
SP2,15/08/2026,17:00,Andorra,Ceuta,5,1,H,25,5,11,1,1.57,3.95,5.38
SP2,15/08/2026,19:00,Cadiz,Celta B,0,0,D,17,5,3,5,2.11,3.35,3.32
SP2,15/08/2026,19:00,Oviedo,Granada,0,0,D,9,10,3,3,1.98,3.07,4.14
SP2,15/08/2026,21:30,Mallorca,Valladolid,2,0,H,7,12,3,1,1.68,3.57,5.03
SP2,16/08/2026,17:00,Eibar,Tenerife,1,3,A,16,7,5,4,1.84,3.3,4.4
SP2,16/08/2026,19:00,Girona,Leganes,1,1,D,27,5,7,3,1.56,3.9,5.69
SP2,16/08/2026,19:00,Burgos,Cordoba,3,2,H,13,20,5,8,2.25,3.14,3.21
SP2,16/08/2026,21:30,Las Palmas,Albacete,2,1,H,12,12,4,4,1.76,3.53,4.54
SP2,17/08/2026,19:00,Sp Gijon,Sabadell,0,0,D,8,15,5,2,2.05,3.1,3.86
SP2,17/08/2026,21:30,Almeria,Eldense,3,0,H,15,11,5,3,1.43,4.58,6.48
SP2,21/08/2026,21:00,Cordoba,Girona,2,1,H,11,10,3,3,2.72,3.37,2.44
SP2,22/08/2026,17:00,Oviedo,Leganes,0,1,A,25,5,5,2,1.8,3.22,4.83
SP2,22/08/2026,19:00,Albacete,Sociedad B,1,2,A,17,12,7,6,1.69,3.67,4.81
SP2,22/08/2026,19:00,Ceuta,Las Palmas,0,2,A,19,9,4,4,2.8,3.39,2.37
SP2,22/08/2026,21:30,Eldense,Cadiz,2,2,D,10,8,6,6,2.18,3.08,3.43
SP2,23/08/2026,17:00,Eibar,Valladolid,1,0,H,12,11,3,4,2.09,2.97,3.85
SP2,23/08/2026,19:00,Castellon,Sabadell,0,0,D,8,11,1,0,1.63,3.78,5.13
SP2,23/08/2026,19:00,Sp Gijon,Burgos,1,0,H,10,7,5,1,2.43,2.97,3.04
SP2,23/08/2026,21:30,Tenerife,Almeria,1,0,H,15,9,2,1,2.98,3.12,2.38
SP2,24/08/2026,19:00,Celta B,Andorra,4,2,H,10,17,8,5,3.34,3.33,2.11
SP2,24/08/2026,21:30,Granada,Mallorca,2,0,H,14,18,6,4,3.05,2.98,2.43
SP2,28/08/2026,21:00,Tenerife,Sp Gijon,0,1,A,10,5,4,1,2.25,3.11,3.23
SP2,29/08/2026,17:00,Sabadell,Almeria,1,0,H,14,11,4,2,2.61,3.05,2.75
SP2,29/08/2026,19:00,Leganes,Eldense,1,0,H,11,16,6,4,1.85,3.39,4.17
SP2,29/08/2026,19:00,Albacete,Oviedo,0,1,A,9,9,2,5,2.39,3.05,3.05
SP2,29/08/2026,21:30,Girona,Las Palmas,5,2,H,17,5,8,5,1.74,3.6,4.49
SP2,30/08/2026,17:00,Andorra,Eibar,0,1,A,28,4,5,1,2.07,3.22,3.52
SP2,30/08/2026,19:00,Mallorca,Ceuta,3,0,H,13,5,4,0,1.42,4.55,6.7
SP2,30/08/2026,19:00,Cadiz,Valladolid,1,1,D,10,14,2,6,2.47,3.01,2.94
SP2,30/08/2026,21:30,Cordoba,Granada,1,3,A,15,17,3,5,1.83,3.44,4.25
SP2,31/08/2026,19:00,Burgos,Sociedad B,2,2,D,12,15,4,5,1.81,3.32,4.58
SP2,31/08/2026,21:30,Celta B,Castellon,1,2,A,12,13,4,5,4.09,3.7,1.78
SP2,04/09/2026,20:30,Las Palmas,Leganes,0,0,D,3,10,1,2,2.47,3.15,2.88
SP2,05/09/2026,14:00,Sociedad B,Tenerife,1,1,D,8,5,1,1,2.51,3.1,2.82
SP2,05/09/2026,16:15,Sp Gijon,Girona,0,2,A,22,10,5,3,2.87,3.25,2.39
SP2,05/09/2026,18:30,Ceuta,Celta B,0,2,A,18,15,6,4,2.02,3.36,3.47
SP2,05/09/2026,18:30,Valladolid,Andorra,1,0,H,9,13,3,4,2.38,3.22,2.84
SP2,05/09/2026,21:00,Eldense,Mallorca,0,0,D,8,11,3,6,3.44,3.3,2.05
SP2,06/09/2026,14:00,Eibar,Granada,3,0,H,11,18,8,3,1.97,3.28,3.83
SP2,06/09/2026,16:15,Oviedo,Burgos,0,0,D,21,16,2,2,1.92,3.16,4.26
SP2,06/09/2026,18:30,Castellon,Albacete,2,0,H,26,6,7,3,1.55,4.13,5.41
SP2,06/09/2026,21:00,Almeria,Cadiz,3,2,H,16,5,7,1,1.48,4.18,6.22
SP2,07/09/2026,20:30,Sabadell,Cordoba,3,2,H,20,13,10,4,2.18,3.16,3.33
