match_id,date,local,visitante,gh,ga,estadio,jornada
3910744,2023-09-15,Valencia CF,Real Madrid CF W,0,2,Estadio Antonio Puchades,
3910748,2023-09-16,Madrid CFF,Barcelona WFC,0,2,Estadio Fernando Torres,
3910747,2023-09-16,SD Eibar,FC Levante Badalona,1,2,Estadio Municipal de Ipurúa,
3910746,2023-09-16,Atletico Madrid W,Athletic Club Bilbao,3,0,Centro Deportivo Alcalá de Henares,
3910745,2023-09-16,Real Betis Balompié,Villarreal,1,0,Ciudad Deportiva Luis de Sol,
3910751,2023-09-17,Levante UD Femenino,Sevilla FC,2,0,Ciudad Deportiva de Buñol - Campo 1,
3910750,2023-09-17,Granada W,Real Sociedad de Fútbol,2,1,Estadio Nuevo Los Cármenes,
3910749,2023-09-17,Costa Adeje Tenerife,CD Sporting de Huelva,2,0,Estadio La Palmera,
3910934,2023-09-30,Levante UD Femenino,Atletico Madrid W,1,1,Ciudad Deportiva de Buñol - Campo 1,
3910933,2023-09-30,Sevilla FC,Madrid CFF,1,5,Estadio Jesús Navas,
3910932,2023-09-30,Granada W,SD Eibar,1,2,Estadio Nuevo Los Cármenes,
3910931,2023-09-30,Villarreal,Valencia CF,1,2,Ciudad Deportiva del Villarreal,
3910937,2023-10-01,Costa Adeje Tenerife,Real Madrid CF W,1,2,Campo de Fútbol de Adeje,
3910938,2023-10-01,FC Levante Badalona,Athletic Club Bilbao,2,1,Camp Municipal Les Planes,
3910936,2023-10-01,CD Sporting de Huelva,Barcelona WFC,1,2,Estadio Nuevo Colombino,
3910935,2023-10-01,Real Sociedad de Fútbol,Real Betis Balompié,2,1,Instalaciones de Zubieta,
3910743,2023-10-03,Villarreal,Atletico Madrid W,1,3,Ciudad Deportiva del Villarreal,
3910741,2023-10-04,Real Sociedad de Fútbol,Levante UD Femenino,1,1,Instalaciones de Zubieta,
3910739,2023-10-04,Athletic Club Bilbao,Granada W,1,0,Instalaciones de Lezama Campo 2,
3910738,2023-10-04,SD Eibar,Madrid CFF,1,6,Estadio Municipal de Ipurúa,
3910737,2023-10-04,Real Madrid CF W,Real Betis Balompié,5,1,Estadio Alfredo Di Stéfano,
3910736,2023-10-04,Sevilla FC,Costa Adeje Tenerife,5,1,Estadio Jesús Navas,
3910742,2023-10-05,FC Levante Badalona,CD Sporting de Huelva,1,1,Camp Municipal Les Planes,
3910740,2023-10-05,Barcelona WFC,Valencia CF,6,0,Estadi Johan Cruyff,
3910942,2023-10-07,Atletico Madrid W,Sevilla FC,2,1,Centro Deportivo Alcalá de Henares,
3910945,2023-10-07,Real Madrid CF W,Villarreal,1,0,Estadio Alfredo Di Stéfano,
3910944,2023-10-08,Real Betis Balompié,Levante UD Femenino,0,4,Ciudad Deportiva Luis de Sol,
3910943,2023-10-08,Barcelona WFC,Real Sociedad de Fútbol,3,0,Estadi Johan Cruyff,
3910940,2023-10-08,SD Eibar,Costa Adeje Tenerife,0,1,Estadio Municipal de Ipurúa,
3910939,2023-10-08,Madrid CFF,Granada W,1,0,Estadio Fernando Torres,
3910946,2023-10-09,Valencia CF,FC Levante Badalona,1,1,Estadio Antonio Puchades,
3910941,2023-10-09,Athletic Club Bilbao,CD Sporting de Huelva,3,0,Instalaciones de Lezama Campo 2,
3910953,2023-10-14,Real Sociedad de Fútbol,SD Eibar,3,1,Instalaciones de Zubieta,
3910949,2023-10-14,Villarreal,Athletic Club Bilbao,3,0,Ciudad Deportiva del Villarreal,
3910948,2023-10-14,Sevilla FC,Valencia CF,1,2,Estadio Jesús Navas,
3910947,2023-10-14,Granada W,Real Madrid CF W,2,5,Ciudad Deportiva del Granada CF,
3910954,2023-10-15,Atletico Madrid W,Barcelona WFC,0,1,Centro Deportivo Alcalá de Henares,
3910952,2023-10-15,Costa Adeje Tenerife,Real Betis Balompié,1,0,Campo de Fútbol de Adeje,
3910951,2023-10-15,CD Sporting de Huelva,Madrid CFF,1,3,Campo Federativo de la Orden,
3910950,2023-10-15,Levante UD Femenino,FC Levante Badalona,1,1,Ciudad Deportiva de Buñol - Campo 1,
3910958,2023-10-21,Real Betis Balompié,Valencia CF,2,2,Ciudad Deportiva Luis de Sol,
3910955,2023-10-21,Barcelona WFC,Granada W,6,1,Estadi Johan Cruyff,
3910960,2023-10-21,CD Sporting de Huelva,Atletico Madrid W,0,2,Ciudad Deportiva Decáno del Fútbol Español,
3910959,2023-10-21,SD Eibar,Villarreal,0,0,Estadio Municipal de Ipurúa,
3910956,2023-10-22,FC Levante Badalona,Sevilla FC,1,2,Camp Municipal Les Planes,
3910962,2023-10-22,Athletic Club Bilbao,Real Sociedad de Fútbol,2,1,Instalaciones de Lezama Campo 2,
3910961,2023-10-22,Real Madrid CF W,Levante UD Femenino,1,2,Estadio Alfredo Di Stéfano,
3910957,2023-10-22,Madrid CFF,Costa Adeje Tenerife,3,2,Estadio Fernando Torres,
3910970,2023-11-04,Valencia CF,CD Sporting de Huelva,2,0,Estadio Antonio Puchades,
3910967,2023-11-04,Real Betis Balompié,Athletic Club Bilbao,1,0,Ciudad Deportiva Luis de Sol,
3910965,2023-11-04,Real Sociedad de Fútbol,Villarreal,1,0,Instalaciones de Zubieta,
3910966,2023-11-04,SD Eibar,Real Madrid CF W,0,1,Estadio Municipal de Ipurúa,
3910968,2023-11-05,Costa Adeje Tenerife,Atletico Madrid W,2,1,Campo de Fútbol de Adeje,
3910969,2023-11-05,Madrid CFF,Levante UD Femenino,0,1,Estadio Fernando Torres,
3910964,2023-11-05,Barcelona WFC,Sevilla FC,8,0,Estadi Johan Cruyff,
3910963,2023-11-05,Granada W,FC Levante Badalona,0,1,Ciudad Deportiva del Granada CF,
3910974,2023-11-10,Real Madrid CF W,Real Sociedad de Fútbol,7,1,Estadio Alfredo Di Stéfano,
3910971,2023-11-11,Atletico Madrid W,SD Eibar,3,0,Centro Deportivo Alcalá de Henares,
3910977,2023-11-11,CD Sporting de Huelva,Real Betis Balompié,1,3,Campo del CD Lamiya,
3910975,2023-11-11,Villarreal,Barcelona WFC,0,6,Ciudad Deportiva del Villarreal,
3910978,2023-11-12,Athletic Club Bilbao,Madrid CFF,1,2,Instalaciones de Lezama Campo 2,
3910976,2023-11-12,Sevilla FC,Granada W,1,0,Estadio Jesús Navas,
3910973,2023-11-12,Levante UD Femenino,Valencia CF,3,1,Estadio Ciudad de Valencia,
3910972,2023-11-12,FC Levante Badalona,Costa Adeje Tenerife,3,1,Camp Municipal Les Planes,
3910981,2023-11-18,Real Sociedad de Fútbol,Sevilla FC,1,2,Instalaciones de Zubieta,
3910985,2023-11-18,Costa Adeje Tenerife,Levante UD Femenino,0,1,Campo de Fútbol de Adeje,
3910983,2023-11-18,Valencia CF,Athletic Club Bilbao,1,2,Estadio Antonio Puchades,
3910982,2023-11-18,SD Eibar,CD Sporting de Huelva,1,0,Estadio Municipal de Ipurúa,
3910984,2023-11-19,Madrid CFF,Atletico Madrid W,1,4,Estadio Fernando Torres,
3910980,2023-11-19,Real Betis Balompié,FC Levante Badalona,1,0,Ciudad Deportiva Luis de Sol,
3910986,2023-11-19,Barcelona WFC,Real Madrid CF W,5,0,Estadi Olímpic Lluís Companys,
3910979,2023-11-19,Granada W,Villarreal,1,2,Ciudad Deportiva del Granada CF,
3910991,2023-11-25,Sevilla FC,Real Betis Balompié,6,0,Estadio Jesús Navas,
3910993,2023-11-25,Villarreal,Costa Adeje Tenerife,1,1,Ciudad Deportiva del Villarreal,
3910992,2023-11-25,Levante UD Femenino,SD Eibar,3,0,Ciudad Deportiva de Buñol - Campo 1,
3910990,2023-11-25,Real Sociedad de Fútbol,Valencia CF,2,0,Instalaciones de Zubieta,
3910987,2023-11-26,Atletico Madrid W,Granada W,2,0,Centro Deportivo Alcalá de Henares,
3910994,2023-11-26,Athletic Club Bilbao,Barcelona WFC,0,4,Instalaciones de Lezama Campo 2,
3910989,2023-11-26,Real Madrid CF W,CD Sporting de Huelva,5,2,Estadio Alfredo Di Stéfano,
3910988,2023-11-26,FC Levante Badalona,Madrid CFF,3,4,Camp Municipal Les Planes,
3910995,2023-12-09,Real Madrid CF W,Sevilla FC,1,3,Estadio Alfredo Di Stéfano,
3910998,2023-12-09,Costa Adeje Tenerife,Granada W,2,0,Campo de Fútbol de Adeje,
3911000,2023-12-09,CD Sporting de Huelva,Real Sociedad de Fútbol,1,2,Ciudad Deportiva Decáno del Fútbol Español,
3911001,2023-12-09,Barcelona WFC,SD Eibar,5,0,Estadi Johan Cruyff,
3910996,2023-12-10,Real Betis Balompié,Atletico Madrid W,0,2,Ciudad Deportiva Luis de Sol,
3911002,2023-12-10,Athletic Club Bilbao,Levante UD Femenino,1,0,Instalaciones de Lezama Campo 2,
3910999,2023-12-10,Valencia CF,Madrid CFF,3,4,Estadio Antonio Puchades,
3910997,2023-12-10,Villarreal,FC Levante Badalona,2,2,Ciudad Deportiva del Villarreal,
3911010,2023-12-16,Atletico Madrid W,Real Sociedad de Fútbol,1,1,Centro Deportivo Alcalá de Henares,
3911009,2023-12-16,SD Eibar,Real Betis Balompié,3,2,Estadio Municipal de Ipurúa,
3911006,2023-12-16,Madrid CFF,Villarreal,2,0,Estadio Fernando Torres,
3911005,2023-12-16,Levante UD Femenino,CD Sporting de Huelva,2,0,Ciudad Deportiva de Buñol - Campo 1,
3911003,2023-12-17,FC Levante Badalona,Real Madrid CF W,0,2,Ciudad Deportiva de Buñol - Campo 1,
3911004,2023-12-17,Granada W,Valencia CF,0,1,Estadio Nuevo Los Cármenes,
3911008,2023-12-17,Costa Adeje Tenerife,Barcelona WFC,0,2,Estadio Heliodoro Rodríguez Lopéz,
3911007,2023-12-17,Sevilla FC,Athletic Club Bilbao,1,1,Estadio Jesús Navas,
3911293,2024-01-06,Barcelona WFC,FC Levante Badalona,9,1,Estadi Johan Cruyff,
3911295,2024-01-06,Villarreal,Levante UD Femenino,0,5,Mini Estadi,
3911296,2024-01-07,Real Madrid CF W,Madrid CFF,2,1,Estadio Alfredo Di Stéfano,
3911294,2024-01-07,Valencia CF,Atletico Madrid W,1,6,Estadio de Mestalla,
3911297,2024-01-07,CD Sporting de Huelva,Sevilla FC,1,3,Ciudad Deportiva Decáno del Fútbol Español,
3911299,2024-01-07,Real Betis Balompié,Granada W,2,3,Ciudad Deportiva Luis de Sol,
3911298,2024-01-07,Athletic Club Bilbao,SD Eibar,2,0,Instalaciones de Lezama Campo 2,
3911292,2024-01-07,Real Sociedad de Fútbol,Costa Adeje Tenerife,3,3,Instalaciones de Zubieta,
3911300,2024-01-20,FC Levante Badalona,Real Sociedad de Fútbol,0,2,Camp Municipal Les Planes,
3911301,2024-01-20,Madrid CFF,Real Betis Balompié,3,1,Estadio Fernando Torres,
3911303,2024-01-20,Sevilla FC,Villarreal,3,1,Estadio Jesús Navas,
3911305,2024-01-21,Granada W,CD Sporting de Huelva,0,1,Ciudad Deportiva del Granada CF,
3911302,2024-01-21,Costa Adeje Tenerife,Athletic Club Bilbao,1,1,Campo de Fútbol de Adeje,
3911304,2024-01-21,SD Eibar,Valencia CF,1,0,Estadio Municipal de Ipurúa,
3911308,2024-01-27,Athletic Club Bilbao,Real Madrid CF W,0,1,Estadio San Mamés,
3911309,2024-01-27,Valencia CF,Costa Adeje Tenerife,1,1,Estadio de Mestalla,
3911314,2024-01-27,CD Sporting de Huelva,Villarreal,0,1,Ciudad Deportiva Francisco Rubio Garcés,
3911313,2024-01-27,FC Levante Badalona,Atletico Madrid W,1,1,Camp Municipal Les Planes,
3911312,2024-01-28,Levante UD Femenino,Granada W,2,2,Ciudad Deportiva de Buñol - Campo 1,
3911311,2024-01-28,Real Sociedad de Fútbol,Madrid CFF,1,1,Instalaciones de Zubieta,
3911315,2024-01-28,Real Betis Balompié,Barcelona WFC,0,6,Ciudad Deportiva Luis de Sol,
3911310,2024-01-28,Sevilla FC,SD Eibar,3,0,Estadio Jesús Navas,
3911475,2024-02-03,Villarreal,Real Betis Balompié,2,1,Ciudad Deportiva del Villarreal,
3911477,2024-02-03,Granada W,Athletic Club Bilbao,2,0,Ciudad Deportiva del Granada CF,
3911474,2024-02-03,Real Madrid CF W,Valencia CF,7,1,Estadio Alfredo Di Stéfano,
3911473,2024-02-03,Madrid CFF,Sevilla FC,3,3,Estadio Fernando Torres,
3911471,2024-02-03,Atletico Madrid W,Levante UD Femenino,0,1,Centro Deportivo Alcalá de Henares,
3911472,2024-02-04,Barcelona WFC,CD Sporting de Huelva,4,0,Estadi Johan Cruyff,
3911478,2024-02-04,Costa Adeje Tenerife,FC Levante Badalona,1,1,Campo de Fútbol de Adeje,
3911476,2024-02-04,SD Eibar,Real Sociedad de Fútbol,0,2,Estadio Municipal de Ipurúa,
3911482,2024-02-10,Sevilla FC,Barcelona WFC,0,3,Estadio Jesús Navas,
3911480,2024-02-10,FC Levante Badalona,SD Eibar,1,1,Camp Municipal Les Planes,
3911479,2024-02-10,Valencia CF,Villarreal,0,1,Estadio de Mestalla,
3911486,2024-02-11,Atletico Madrid W,Madrid CFF,1,1,Centro Deportivo Alcalá de Henares,
3911485,2024-02-11,Levante UD Femenino,Costa Adeje Tenerife,1,0,Ciudad Deportiva de Buñol - Campo 1,
3911484,2024-02-11,Real Betis Balompié,Real Madrid CF W,1,4,Ciudad Deportiva Luis de Sol,
3911483,2024-02-11,CD Sporting de Huelva,Athletic Club Bilbao,1,2,Ciudad Deportiva Decáno del Fútbol Español,
3911481,2024-02-11,Real Sociedad de Fútbol,Granada W,1,1,Instalaciones de Zubieta,
3911306,2024-02-14,Barcelona WFC,Levante UD Femenino,1,1,Estadi Johan Cruyff,
3911307,2024-02-14,Atletico Madrid W,Real Madrid CF W,1,1,Centro Deportivo Alcalá de Henares,
3911494,2024-02-17,CD Sporting de Huelva,Valencia CF,1,3,Ciudad Deportiva Decáno del Fútbol Español,
3911493,2024-02-17,Villarreal,Real Sociedad de Fútbol,1,1,Ciudad Deportiva del Villarreal,
3911490,2024-02-17,Granada W,Sevilla FC,2,2,Ciudad Deportiva del Granada CF,
3911488,2024-02-17,Athletic Club Bilbao,Real Betis Balompié,1,0,Estadio San Mamés,
3911491,2024-02-18,Real Madrid CF W,Costa Adeje Tenerife,2,1,Estadio Alfredo Di Stéfano,
3911492,2024-02-18,SD Eibar,Levante UD Femenino,0,0,Estadio Municipal de Ipurúa,
3911489,2024-02-18,Barcelona WFC,Atletico Madrid W,2,0,Estadi Johan Cruyff,
3911487,2024-02-18,Madrid CFF,FC Levante Badalona,2,1,Estadio Fernando Torres,
3911495,2024-03-09,Madrid CFF,SD Eibar,1,2,Estadio Fernando Torres,
3911499,2024-03-09,FC Levante Badalona,Granada W,1,2,Camp Municipal Les Planes,
3911501,2024-03-09,Sevilla FC,Real Madrid CF W,0,1,Estadio Jesús Navas,
3911502,2024-03-09,Costa Adeje Tenerife,Villarreal,1,1,Campo de Fútbol de Adeje,
3911496,2024-03-10,Atletico Madrid W,CD Sporting de Huelva,1,0,Centro Deportivo Alcalá de Henares,
3911498,2024-03-10,Real Sociedad de Fútbol,Barcelona WFC,1,7,Instalaciones de Zubieta,
3911500,2024-03-10,Valencia CF,Real Betis Balompié,2,2,Estadio Antonio Puchades,
3911497,2024-03-10,Levante UD Femenino,Athletic Club Bilbao,1,2,Ciudad Deportiva de Buñol - Campo 1,
3911510,2024-03-16,Real Madrid CF W,SD Eibar,1,0,Estadio Alfredo Di Stéfano,
3911508,2024-03-16,CD Sporting de Huelva,Levante UD Femenino,1,1,Ciudad Deportiva Decáno del Fútbol Español,
3911509,2024-03-16,Villarreal,Madrid CFF,1,4,Ciudad Deportiva del Villarreal,
3911507,2024-03-16,Sevilla FC,FC Levante Badalona,3,0,Estadio Jesús Navas,
3911506,2024-03-17,Granada W,Atletico Madrid W,0,1,Estadio Nuevo Los Cármenes,
3911503,2024-03-17,Athletic Club Bilbao,Valencia CF,2,0,San Mamés Barria,
3911504,2024-03-17,Barcelona WFC,Costa Adeje Tenerife,7,0,Estadi Johan Cruyff,
3911505,2024-03-17,Real Betis Balompié,Real Sociedad de Fútbol,0,0,Estadio de La Cartuja,
3911513,2024-03-23,Real Sociedad de Fútbol,Athletic Club Bilbao,0,1,Reale Arena,
3911518,2024-03-23,Costa Adeje Tenerife,Sevilla FC,5,0,Campo de Fútbol de Adeje,
3911517,2024-03-23,Levante UD Femenino,Real Betis Balompié,7,0,Ciudad Deportiva de Buñol - Campo 1,
3911516,2024-03-23,Valencia CF,Granada W,4,1,Estadio Antonio Puchades,
3911515,2024-03-24,Real Madrid CF W,Barcelona WFC,0,3,Estadio Alfredo Di Stéfano,
3911514,2024-03-24,SD Eibar,Atletico Madrid W,1,1,Estadio Municipal de Ipurúa,
3911512,2024-03-24,Madrid CFF,CD Sporting de Huelva,2,1,Estadio Fernando Torres,
3911511,2024-03-24,FC Levante Badalona,Villarreal,1,1,Camp Municipal Les Planes,
3911525,2024-03-30,Villarreal,Real Madrid CF W,0,2,Ciudad Deportiva del Villarreal,
3911526,2024-03-30,Sevilla FC,Real Sociedad de Fútbol,4,2,Estadio Jesús Navas,
3911520,2024-03-30,Atletico Madrid W,Valencia CF,1,0,Centro Deportivo Alcalá de Henares,
3911522,2024-03-30,Real Betis Balompié,SD Eibar,0,0,Ciudad Deportiva Luis de Sol,
3911521,2024-03-31,Granada W,Madrid CFF,3,0,Ciudad Deportiva del Granada CF,
3911523,2024-03-31,CD Sporting de Huelva,Costa Adeje Tenerife,1,2,Ciudad Deportiva Decáno del Fútbol Español,
3911524,2024-03-31,Levante UD Femenino,Barcelona WFC,0,5,Estadio Ciudad de Valencia,
3911519,2024-03-31,Athletic Club Bilbao,FC Levante Badalona,4,1,Instalaciones de Lezama Campo 2,
3911530,2024-04-13,SD Eibar,Sevilla FC,3,0,Estadio Municipal de Ipurúa,
3911529,2024-04-13,Real Sociedad de Fútbol,CD Sporting de Huelva,1,1,Instalaciones de Zubieta,
3911528,2024-04-13,Barcelona WFC,Villarreal,5,1,Estadi Johan Cruyff,
3911534,2024-04-13,FC Levante Badalona,Real Betis Balompié,1,2,Camp Municipal Les Planes,
3911532,2024-04-14,Valencia CF,Levante UD Femenino,1,1,Estadio Antonio Puchades,
3911533,2024-04-14,Costa Adeje Tenerife,Madrid CFF,2,2,Campo de Fútbol de Adeje,
3911531,2024-04-14,Real Madrid CF W,Granada W,5,0,Estadio Alfredo Di Stéfano,
3911527,2024-04-14,Athletic Club Bilbao,Atletico Madrid W,1,0,Instalaciones de Lezama Campo 2,
3911538,2024-04-20,Madrid CFF,Athletic Club Bilbao,2,1,Estadio Fernando Torres,
3911536,2024-04-20,Granada W,Costa Adeje Tenerife,2,1,Ciudad Deportiva del Granada CF,
3911537,2024-04-20,Levante UD Femenino,Real Madrid CF W,2,4,Ciudad Deportiva de Buñol - Campo 1,
3911541,2024-04-20,CD Sporting de Huelva,SD Eibar,0,1,Ciudad Deportiva Decáno del Fútbol Español,
3911535,2024-04-21,Atletico Madrid W,Real Betis Balompié,5,1,Estádio Cívitas Metropolitano,
3911542,2024-04-21,Villarreal,Sevilla FC,1,2,Ciudad Deportiva del Villarreal,
3911540,2024-04-21,Valencia CF,Real Sociedad de Fútbol,3,0,Estadio Antonio Puchades,
3911539,2024-04-24,FC Levante Badalona,Barcelona WFC,2,4,Camp Municipal Les Planes,
3911549,2024-04-27,Villarreal,Granada W,1,2,Ciudad Deportiva del Villarreal,
3911550,2024-04-27,Sevilla FC,Levante UD Femenino,1,3,Estadio Jesús Navas,
3911545,2024-04-27,Costa Adeje Tenerife,Valencia CF,1,0,Campo de Fútbol de Adeje,
3911544,2024-04-27,Real Betis Balompié,CD Sporting de Huelva,3,1,Ciudad Deportiva Luis de Sol,
3911548,2024-04-28,Real Madrid CF W,FC Levante Badalona,2,1,Estadio Alfredo Di Stéfano,
3911547,2024-04-28,Real Sociedad de Fútbol,Atletico Madrid W,0,2,Instalaciones de Zubieta,
3911546,2024-04-28,SD Eibar,Athletic Club Bilbao,0,2,Estadio Municipal de Ipurúa,
3911543,2024-05-01,Barcelona WFC,Madrid CFF,8,0,Estadi Johan Cruyff,
3911551,2024-05-04,Athletic Club Bilbao,Villarreal,1,0,Instalaciones de Lezama Campo 2,
3911552,2024-05-04,Atletico Madrid W,Costa Adeje Tenerife,1,0,Centro Deportivo Alcalá de Henares,
3911556,2024-05-04,Granada W,Barcelona WFC,1,4,Estadio Nuevo Los Cármenes,
3911558,2024-05-04,Valencia CF,SD Eibar,0,2,Estadio Antonio Puchades,
3911557,2024-05-05,CD Sporting de Huelva,FC Levante Badalona,1,2,Ciudad Deportiva Decáno del Fútbol Español,
3911555,2024-05-05,Real Betis Balompié,Sevilla FC,1,1,Ciudad Deportiva Luis de Sol,
3911554,2024-05-05,Madrid CFF,Real Madrid CF W,0,1,Estadio Fernando Torres,
3911553,2024-05-05,Levante UD Femenino,Real Sociedad de Fútbol,4,3,Ciudad Deportiva de Buñol - Campo 1,
3911566,2024-05-10,Villarreal,SD Eibar,1,1,Ciudad Deportiva del Villarreal,
3911562,2024-05-10,Barcelona WFC,Athletic Club Bilbao,7,0,Estadi Johan Cruyff,
3911559,2024-05-11,FC Levante Badalona,Levante UD Femenino,1,1,Camp Municipal Les Planes,
3911564,2024-05-11,Granada W,Real Betis Balompié,2,3,Ciudad Deportiva del Granada CF,
3911563,2024-05-11,Real Madrid CF W,Atletico Madrid W,2,3,Estadio Alfredo Di Stéfano,
3911560,2024-05-12,Madrid CFF,Valencia CF,6,1,Estadio Fernando Torres,
3911565,2024-05-12,Costa Adeje Tenerife,Real Sociedad de Fútbol,0,1,Campo de Fútbol de Adeje,
3911561,2024-05-12,Sevilla FC,CD Sporting de Huelva,2,0,Estadio Jesús Navas,
3911629,2024-05-14,SD Eibar,Barcelona WFC,0,4,Estadio Municipal de Ipurúa,
3911626,2024-05-24,Athletic Club Bilbao,Costa Adeje Tenerife,4,1,Instalaciones de Lezama Campo 2,
3911625,2024-05-24,Atletico Madrid W,FC Levante Badalona,3,1,Centro Deportivo Alcalá de Henares,
3911630,2024-05-25,CD Sporting de Huelva,Granada W,2,1,Ciudad Deportiva Decáno del Fútbol Español,
3911627,2024-05-25,Levante UD Femenino,Villarreal,2,1,Ciudad Deportiva de Buñol - Campo 1,
3911632,2024-05-26,Valencia CF,Sevilla FC,3,1,Estadio Antonio Puchades,
3911631,2024-05-26,Real Sociedad de Fútbol,Real Madrid CF W,1,2,Instalaciones de Zubieta,
3911628,2024-05-26,Real Betis Balompié,Madrid CFF,0,0,Ciudad Deportiva Luis de Sol,
3911637,2024-06-09,Real Madrid CF W,Athletic Club Bilbao,1,0,Estadio Alfredo Di Stéfano,
3911633,2024-06-09,Villarreal,CD Sporting de Huelva,2,0,Estadio de la Cerámica,
3911640,2024-06-09,FC Levante Badalona,Valencia CF,3,0,Camp Municipal Les Planes,
3911639,2024-06-09,Granada W,Levante UD Femenino,0,3,Estadio Municipal Escribano Castilla,
3911638,2024-06-09,Madrid CFF,Real Sociedad de Fútbol,2,3,Estadio Fernando Torres,
3911636,2024-06-09,Barcelona WFC,Real Betis Balompié,5,1,Estadi Johan Cruyff,
3911635,2024-06-09,Costa Adeje Tenerife,SD Eibar,1,1,Campo de Fútbol de Adeje,
3911634,2024-06-09,Sevilla FC,Atletico Madrid W,1,1,Estadio Jesús Navas,
3911641,2024-06-14,CD Sporting de Huelva,Real Madrid CF W,1,4,Estadio Nuevo Colombino,
3911644,2024-06-15,SD Eibar,Granada W,0,2,Estadio Municipal de Ipurúa,
3911642,2024-06-15,Real Sociedad de Fútbol,FC Levante Badalona,2,2,Instalaciones de Zubieta,
3911647,2024-06-15,Atletico Madrid W,Villarreal,1,0,Centro Deportivo Alcalá de Henares,
3911645,2024-06-15,Real Betis Balompié,Costa Adeje Tenerife,1,0,Ciudad Deportiva Luis de Sol,
3911646,2024-06-15,Levante UD Femenino,Madrid CFF,3,0,Ciudad Deportiva de Buñol - Campo 1,
3911648,2024-06-16,Athletic Club Bilbao,Sevilla FC,2,1,San Mamés Barria,
3911643,2024-06-16,Valencia CF,Barcelona WFC,0,3,Estadio Antonio Puchades,
